name,phone_number,research_interests
"Abhay Parekh",,"Communications & Networking (COMNET)"
"Adam Wolisz","284 Cory Hall, 666-2123; wolisz@eecs ; , System Performance Evaluation Mon. ","Communications & Networking (COMNET) Computer Architecture & Engineering (ARC), System Performance Evaluation"
"Alan J. Smith"," Soda Hall, 510-642-5290; smith@eecs ; ; Computer System Performance Analysis, I/O Systems, Cache Memories, Memory Systems by appointment only - send email or call, ","Computer Architecture & Engineering (ARC) Operating Systems & Networking (OSNT) Computer System Performance Analysis, I/O Systems, Cache Memories, Memory Systems"
"Alberto L. Sangiovanni-Vincentelli"," Cory Hall, 510-642-4882; alberto@berkeley.edu , Embedded System Design; Design methodologies and tools; , Hybrid systems; Design methodologies and tools; , Wireless sensor network design; Design methodologies and tools Tu-Th ","Design, Modeling and Analysis (DMA), Embedded System Design; Design methodologies and tools Control, Intelligent Systems, and Robotics (CIR), Hybrid systems; Design methodologies and tools Communications & Networking (COMNET), Wireless sensor network design; Design methodologies and tools"
"Alessandro Chiesa",,"Security (SEC) Theory (THY)"
"Alexandra von Meier",,"Energy (ENE), Electric Grids, Power Distribution"
"Alexandre Bayen"," Sutardja Dai Hall, (510) 642-2468; bayen@berkeley.edu Tu, Th ","Control, Intelligent Systems, and Robotics (CIR)"
"Alexei (Alyosha) Efros",,"Computer Vision Graphics (GR) Artificial Intelligence (AI)"
"Ali Ghodsi",,"Database Management Systems (DBMS) Operating Systems & Networking (OSNT)"
"Ali Javey","B Cory Hall, 510-643-7263; ajavey@eecs ; ; ; Nanomaterials and Nanotechnology Fri., ","Physical Electronics (PHY) Energy (ENE) Micro/Nano Electro Mechanical Systems (MEMS) Nanomaterials and Nanotechnology"
"Ali Niknejad"," Cory Hall, 510-642-0459; niknejad@eecs , Microwave and mm-Wave Circuits and Systems; ; ; ; Applied Electromagnetics Tues., Wed. ","Integrated Circuits (INC), Microwave and mm-Wave Circuits and Systems Communications & Networking (COMNET) Physical Electronics (PHY) Signal Processing (SP) Applied Electromagnetics"
"Alistair Sinclair"," Soda Hall, 510-643-8144; sinclair@cs ; Randomized algorithms; applied probability; statistical physics M ","Theory (THY) Randomized algorithms; applied probability; statistical physics"
"Allan J. Lichtenberg","M Cory Hall, 510-642-4015; ajl@eecs Nano-Optoelectronics, Electromagnetics/Plasmas; Weds. ","Nano-Optoelectronics, Electromagnetics/Plasmas Energy (ENE)"
"Ana Claudia Arias"," Cory Hall, 510-642-1728; acarias@eecs ; Flexible and Printed Electronics; Tue ","Physical Electronics (PHY) Flexible and Printed Electronics Energy (ENE)"
"Anant Sahai"," Cory, 510-643-6633, kail@erso     EE ","Communications & Networking (COMNET), Information Theory, Cognitive Radio and Spectrum Sharing Control, Intelligent Systems, and Robotics (CIR), Distributed and Networked Control Signal Processing (SP) Theory (THY), Information Theory"
"Anca Dragan",,"Artificial Intelligence (AI) Control, Intelligent Systems, and Robotics (CIR) Human-Computer Interaction (HCI)"
"Andreas Kuehlmann","B Cory Hall, 510-643-0893; kuehl@eecs By email appointment.","Design, Modeling and Analysis (DMA)"
"Andrew R. Neureuther"," Cory Hall, 510-642-4590; neureuth@eecs ; Solid-State Devices By email appointment only, ","Integrated Circuits (INC) Solid-State Devices"
"Anthony D. Joseph"," Soda Hall, 510-643-7212; adj@cs ; ; Computer and Network Security; Distributed systems; Mobile computing; Wireless networking; Software engineering, and operating systems By Appointment Kattt Atchley, ","Operating Systems & Networking (OSNT) Security (SEC) Computer and Network Security; Distributed systems; Mobile computing; Wireless networking; Software engineering, and operating systems"
"Aram J. Thomasian"," Evans Hall, 510-642-2781; aram@stat",
"Armando Fox"," Soda Hall, 510-642-6820; fox@cs ; ; Tammy Johnson, ","Programming Systems (PS) Education (EDUC) Operating Systems & Networking (OSNT)"
"Avideh Zakhor"," Cory Hall, 510-643-6777; avz@eecs ; ; ; Thurs., ","Signal Processing (SP) Artificial Intelligence (AI) Control, Intelligent Systems, and Robotics (CIR) Graphics (GR)"
"Babak Ayazifar"," Cory Hall, 510-642-9945; ayazifar@eecs , Signal processing and system theory EDUCATION: Development of pedagogical techniques and assessment tools.; , Graph signal processing; NOTE: BABAK AYAZIFAR CAN NEITHER CONSIDER NOR REPLY TO INTERNSHIP OR SUMMER RESEARCH REQUESTS FROM APPLICANTS OUTSIDE UC BERKELEY.     EE ","Education (EDUC), Signal processing and system theory EDUCATION: Development of pedagogical techniques and assessment tools. Signal Processing (SP), Graph signal processing NOTE: BABAK AYAZIFAR CAN NEITHER CONSIDER NOR REPLY TO INTERNSHIP OR SUMMER RESEARCH REQUESTS FROM APPLICANTS OUTSIDE UC BERKELEY."
"Benjamin Recht",,"Control, Intelligent Systems, and Robotics (CIR) Signal Processing (SP) Machine Learning (ML) Optimization (OPT)"
"Beresford N. Parlett",,
"Bernd Sturmfels"," Evans Hall, 510-642 6550; bernd@math ; T ","Biosystems & Computational Biology (BIO) Theory (THY)"
"Bernhard Boser","A Cory Hall, 510-643-8350; boser@eecs ; ; ; By Request, ","Biosystems & Computational Biology (BIO) Design, Modeling and Analysis (DMA) Integrated Circuits (INC) Physical Electronics (PHY)"
"Bin Yu"," Evans Hall, 510-642-2021; binyu@stat , Machine learning, Remote Sensing, Neuroscience","Signal Processing (SP), Machine learning, Remote Sensing, Neuroscience"
"Björn Hartmann"," Soda Hall, 415 868 5720; bjoern@eecs ; ; Fri ","Human-Computer Interaction (HCI) Graphics (GR) Programming Systems (PS)"
"Borivoje Nikolic"," Cory Hall, 510-643-9297; bora@eecs ; ; ; Mon. ","Integrated Circuits (INC) Communications & Networking (COMNET) Design, Modeling and Analysis (DMA) Computer Architecture & Engineering (ARC)"
"Brian A. Barsky"," Soda Hall, 510-642-9838; barsky@cs ; ; ; ; computer-aided geometric design & modeling visualization in scientific computing, computer-aided cornea modeling and visualization, computational optometry Tu/Th ","Graphics (GR) Biosystems & Computational Biology (BIO) Human-Computer Interaction (HCI) Signal Processing (SP) computer-aided geometric design & modeling visualization in scientific computing, computer-aided cornea modeling and visualization, computational optometry"
"Brian K. Harvey"," Soda Hall, 510-642-8311; bh@cs by appointment, ","Education (EDUC)"
"Bruno Olshausen",,
"Carlo H. Séquin"," Soda Hall, 510-642-5103; sequin@cs Geometric modeling, Artistic geometry, Mathematical visualizations.; ; ; CAD tools see homepage for currently valid time slots, ","Geometric modeling, Artistic geometry, Mathematical visualizations. Graphics (GR) Human-Computer Interaction (HCI) CAD tools"
"Chenming Hu"," Sutardja Dai, 510-664-4203, cmjones@eecs","Semiconductor Device Technologies"
"Chittoor V. Ramamoorthy",,"software engineering"
"Christos Papadimitriou"," Soda Hall, 510-642-1559; christos@cs ; ; We Th ","Biosystems & Computational Biology (BIO) Database Management Systems (DBMS) Theory (THY)"
"Claire Tomlin"," Sutardja Dai Hall, 510-643-6610; tomlin@eecs ; ; Control theory; hybrid and embedded systems; biological cell networks Wed., ","Control, Intelligent Systems, and Robotics (CIR) Biosystems & Computational Biology (BIO) Control theory; hybrid and embedded systems; biological cell networks"
"Clark Nguyen"," Cory Hall, 510-642-6251; ctnguyen@eecs ; ; ; Mon., ","Micro/Nano Electro Mechanical Systems (MEMS) Integrated Circuits (INC) Physical Electronics (PHY) Design, Modeling and Analysis (DMA)"
"Constance Chang-Hasnain","M Cory Hall, 510-642-4315; ","Microsystems and materials Nano-Optoelectronic devices"
"Costas J. Spanos"," Cory Hall, 510-643-6776; spanos@eecs ; ; ; Semiconductor manufacturing; Solid-State Devices Tues. & Thurs., ","Energy (ENE) Integrated Circuits (INC) Physical Electronics (PHY) Semiconductor manufacturing Solid-State Devices"
"Dan Garcia"," Soda Hall, 510-517-4041; ddgarcia@cs ; Computational Game Theory; No OH Fall ","Education (EDUC) Computational Game Theory Graphics (GR)"
"Daniel Klein"," Sutardja Dai Hall, 510-643-0805; klein@cs ; Natural Language Processing, Computational Linguistics, Machine Learning Tuesday ","Artificial Intelligence (AI) Natural Language Processing, Computational Linguistics, Machine Learning"
"David A. Hodges"," Cory Hall, 510-642-3539; hodges@eecs by appt: hodges@eecs","Integrated Circuits (INC)"
"David A. Patterson","579 Soda Hall, 642-6587; pattrsn@eecs , Computer Architecture and Systems: Parallel Computing performance, correctness, productivity; , Cancer tumor genomics; Tue., ","Computer Architecture & Engineering (ARC), Computer Architecture and Systems: Parallel Computing performance, correctness, productivity Biosystems & Computational Biology (BIO), Cancer tumor genomics Operating Systems & Networking (OSNT)"
"David Allstot"," Cory Hall, 510-559-0195; allstot@berkeley.edu Tu Th ","Integrated Circuits (INC)"
"David Attwood",,"Short wavelength electromagnetics; Soft X-ray microscopy; Coherence; EUV lithography"
"David E. Culler","A Soda, 510-990-5109, amp-admin@eecs","Computer Architecture & Engineering (ARC) Energy (ENE) Operating Systems & Networking (OSNT) Programming Systems (PS) Security (SEC) Parallel architecture; High-performance networks; Workstation clusters"
"David G. Messerschmitt"," Cory Hall, 510-642-1090; messer@eecs ; ; Business and economics issues in the software industry e-mail appointment","Communications & Networking (COMNET) Signal Processing (SP) Business and economics issues in the software industry"
"David Tse"," Cory Hall, 510-642-5807; dtse@eecs Tu. ","Communications & Networking (COMNET)"
"David Wagner"," Soda Hall, 510-642-2758; daw@cs Tuesdays ","Security (SEC)"
"Dawn Song"," Soda Hall, 510-642-8282; dawnsong@cs ; ;     CS ","Operating Systems & Networking (OSNT) Security (SEC) Programming Systems (PS)"
"Domenico Ferrari",,"UC Berkeley Unix Project, high-speed network testbeds and the design of real-time communication services and network protocols for multimedia traffic"
"Doug Tygar"," Soda Hall, 510-643-7855; doug.tygar@gmail.com , electronic commerce, computer security, cryptography, privacy; , computer security, distributed systems, networking, software engineering Mon. ","Security (SEC), electronic commerce, computer security, cryptography, privacy Operating Systems & Networking (OSNT), computer security, distributed systems, networking, software engineering"
"Edward A. Lee","Q Cory Hall, 510-643-3728; eal@eecs Embedded Software, Real-Time Systems, Cyber-Physical Systems, Concurrency; ; ; ","Embedded Software, Real-Time Systems, Cyber-Physical Systems, Concurrency Design, Modeling and Analysis (DMA) Programming Systems (PS) Signal Processing (SP)"
"Edward L. Keller"," Cory Hall, 510-642-3214; elk@ski.org Computational neuroscience; bioengineering; neurophysiology of the oculomotor system","Computational neuroscience; bioengineering; neurophysiology of the oculomotor system"
"Edwin R. Lewis",,"Biosensory systems (neuroethology); Signal processing"
"Elad Alon"," Cory Hall, 510-642-0237; elad@eecs ; ; ; By appointment     EE ","Integrated Circuits (INC) Micro/Nano Electro Mechanical Systems (MEMS) Communications & Networking (COMNET) Design, Modeling and Analysis (DMA)"
"Elchanan Mossel",,"Biosystems & Computational Biology (BIO) Theory (THY)"
"Eli Yablonovitch","267M Cory Hall, 642-6821; eliy@eecs Optoelectronics Research Group, high speed optical communications, photonic crystals at optical and microwave frequencies, the milli-Volt switch, optical antennas and solar cells.; Mon. & Wed. ","Optoelectronics Research Group, high speed optical communications, photonic crystals at optical and microwave frequencies, the milli-Volt switch, optical antennas and solar cells. Physical Electronics (PHY)"
"Elijah Polak","M Cory Hall, 510-642-2644; polak@eecs , Numerical methods for engineering optimization (by appointment only)","Control, Intelligent Systems, and Robotics (CIR), Numerical methods for engineering optimization"
"Elwyn R. Berlekamp",,"Games and Codes"
"Eric Brewer"," Sutardja Dai Hall, 510-642-8143; brewer@cs ; ; ; Developing regions; Programming languages M ","Operating Systems & Networking (OSNT) Energy (ENE) Security (SEC) Developing regions; Programming languages"
"Eric Paulos",,"Human-Computer Interaction (HCI), New Media arts"
"Eugene Wong","M Cory Hall, 510-642-8458; wong@eecs","Communications & Networking (COMNET)"
"Felix F. Wu",,"Electric power systems analysis; generation and transmission systems planning and investment; power system control and communications; electric energy industry restructuring."
"George Necula"," Soda Hall, 510-643-1481; necula@cs ; ; software engineering, security, program analysis Wed ","Programming Systems (PS) Security (SEC) software engineering, security, program analysis"
"Ion Stoica"," Soda Hall, 510-643-4007; istoica@eecs ; ; Networking and distributed computer systems, Quality of Service (Q of S) and resources management, modeling and performance analysis Mon. & Wed., ","Operating Systems & Networking (OSNT) Security (SEC) Networking and distributed computer systems, Quality of Service (Q of S) and resources management, modeling and performance analysis"
"Jack Gallant",,
"Jaijeet Roychowdhury","545E Cory Hall, 643-5664; jr@eecs ; ; By appointment (send email), ","Design, Modeling and Analysis (DMA) Scientific Computing (SCI) Biosystems & Computational Biology (BIO)"
"James Demmel"," Soda Hall, 510-643-5386; demmel@cs ; ; Numerical analysis; Linear algebra Tues. ","Computer Architecture & Engineering (ARC) Scientific Computing (SCI) Numerical analysis; Linear algebra"
"Jan M. Rabaey","563 Cory Hall, 510-6422","Communications & Networking (COMNET) Design, Modeling and Analysis (DMA) Energy (ENE) Integrated Circuits (INC) Signal Processing (SP) Computer architecture"
"Jean Walrand"," Cory Hall, 510-219-5821; wlr@eecs , Performance evaluation; Game theory Tu., ","Communications & Networking (COMNET), Performance evaluation Game theory"
"Jeffrey Bokor"," Sutardja Dai Hall, 510-642-4134; jbokor@eecs ; Nanotechnology Thurs., ","Physical Electronics (PHY) Nanotechnology"
"Jerome A. Feldman"," Soda Hall, 510-666-2900; jfeldman@cs ; ; ; cognitive science","Artificial Intelligence (AI) Biosystems & Computational Biology (BIO) Security (SEC) cognitive science"
"Jerome R. Singer"," Cory Hall, 510-642-3214; jsinger@eecs",
"Jitendra Malik"," Sutardja Dai Hall, 510-642-7597; malik@cs ; ; ; ; ; ; M ","Artificial Intelligence (AI) Biosystems & Computational Biology (BIO) Control, Intelligent Systems, and Robotics (CIR) Graphics (GR) Human-Computer Interaction (HCI) Signal Processing (SP)"
"John Chuang",,"Biosensory Computing Information Economics & Policy Biosystems & Computational Biology (BIO) Communications & Networking (COMNET) Operating Systems & Networking (OSNT) Security (SEC)"
"John D. Kubiatowicz"," Soda Hall, 510-643-6817; kubitron@cs ; ; Computer architecture; Quantum computer design; Internet-scale storage systems; Peer-to-peer networking M/W ","Operating Systems & Networking (OSNT) Security (SEC) Computer architecture; Quantum computer design; Internet-scale storage systems; Peer-to-peer networking"
"John DeNero"," Soda Hall, 415-203-1943; denero@berkeley.edu ; See Homepage, ","Artificial Intelligence (AI) Education (EDUC)"
"John F. Canny"," Soda Hall, 510-642-9955; jfc@cs ; ; ; ; Mon. ","Human-Computer Interaction (HCI) Artificial Intelligence (AI) Control, Intelligent Systems, and Robotics (CIR) Graphics (GR) Security (SEC)"
"John Wawrzynek"," Soda Hall, 510-643-9434; johnw@cs M ","Computer Architecture & Engineering (ARC)"
"Jonathan Bachrach",,"Programming Systems (PS) Computer Architecture & Engineering (ARC) Design, Modeling and Analysis (DMA)"
"Jonathan Shewchuk"," Soda Hall, 510-642-3936; jrs@cs ; ;","Scientific Computing (SCI) Theory (THY) Graphics (GR)"
"Jose M. Carmena"," Cory Hall; 286 Li Ka Shing Center, 643-2430; carmena@eecs Brain-machine interfaces; Neuroprosthetics; Sensorimotor learning and control; Neural ensemble computation; ; Mon. ","Brain-machine interfaces; Neuroprosthetics; Sensorimotor learning and control; Neural ensemble computation Control, Intelligent Systems, and Robotics (CIR) Biosystems & Computational Biology (BIO)"
"Joseph M. Hellerstein"," Soda Hall, 510-643-4011; ;     CS ","Database Management Systems (DBMS) Operating Systems & Networking (OSNT)"
"Joshua Hug",,"Education (EDUC) Computer Science education"
"Kam Y. Lau",,"Communications & Networking (COMNET) Optoelectronic devices; Microwave and millimeter wave signal transport over optical fiber links"
"Kameshwar Poolla"," Etcheverry Hall, 510-642-4642; poolla@berkeley.edu , System identification; , Design for Manufacturability; , Semiconductor Manufacturing Thurs., ","Control, Intelligent Systems, and Robotics (CIR), System identification Design, Modeling and Analysis (DMA), Design for Manufacturability Physical Electronics (PHY), Semiconductor Manufacturing"
"Kannan Ramchandran"," Cory Hall, 510-642-2353; kannanr@eecs ; Tu. ","Communications & Networking (COMNET) Signal Processing (SP)"
"Katherine A. Yelick","A Lawrence Berkeley National Laboratory, 510-495-2431; yelick@cs ; ; ; parallel programming techniques Tammy Johnson, ","Programming Systems (PS) Scientific Computing (SCI) Biosystems & Computational Biology (BIO) parallel programming techniques"
"Ken Goldberg"," Sutardja Dai Hall, 510-643-9565; goldberg@berkeley.edu ; , Networked robots; Robotics for automated manufacturing; Design of parts and devices for automation; ; ; Art and technology see homepage, ","Artificial Intelligence (AI) Control, Intelligent Systems, and Robotics (CIR), Networked robots; Robotics for automated manufacturing; Design of parts and devices for automation Graphics (GR) Security (SEC) Art and technology"
"Kenneth K. Mei"," Cory Hall, 510-642-3214; Nano-Optoelectronics, Electromagnetics/Plasmas","Nano-Optoelectronics, Electromagnetics/Plasmas"
"Koushik Sen"," Soda Hall, 510-642-2420; ksen@cs , Software Engineering, Programming Languages, and Formal Methods: Software Testing, Verification, Model Checking, Runtime Monitoring, Performance Evaluation, and Computational Logic.; Tammy Johnson, ","Programming Systems (PS), Software Engineering, Programming Languages, and Formal Methods: Software Testing, Verification, Model Checking, Runtime Monitoring, Performance Evaluation, and Computational Logic. Security (SEC)"
"Kristofer Pister"," Cory Hall, 510-643-9268; ksjp@berkeley.edu ; , Micro-robotics; , Low-power circuits Friday ","Micro/Nano Electro Mechanical Systems (MEMS) Control, Intelligent Systems, and Robotics (CIR), Micro-robotics Integrated Circuits (INC), Low-power circuits"
"Krste Asanović","B Soda Hall, 510-642-6506; krste@eecs ; ; ; W ","Computer Architecture & Engineering (ARC) Integrated Circuits (INC) Operating Systems & Networking (OSNT) Design, Modeling and Analysis (DMA)"
"Kurt Keutzer"," Soda Hall, 510-642-9267; keutzer@berkeley.edu ; ; ","Computer Architecture & Engineering (ARC) Design, Modeling and Analysis (DMA) Scientific Computing (SCI)"
"Laura Waller"," Cory Hall, (510) 642-2753; waller@berkeley.edu ; ; Optics and Imaging; ; Thurs ","Physical Electronics (PHY) Signal Processing (SP) Optics and Imaging Biosystems & Computational Biology (BIO) Graphics (GR)"
"Laurent El Ghaoui",,"Control, Intelligent Systems, and Robotics (CIR) Robust and convex optimization; Decision-making under uncertainty; Statistical estimation; Air traffic management; Bioinformatics; Finance"
"Lawrence A. Rowe",,"Multimedia Technology"
"Leon O. Chua"," Cory Hall, 510-642-3209; chua@eecs ; , Cellular neural networks; Cellular automata; Complexity;; Nanoelectronics; Nonlinear circuits and systems; Nonlinear dynamics; Chaos; Tu & Th, ","Biosystems & Computational Biology (BIO) Control, Intelligent Systems, and Robotics (CIR), Cellular neural networks; Cellular automata; Complexity; Nanoelectronics Nonlinear circuits and systems; Nonlinear dynamics; Chaos;"
"Lior Pachter"," Evans Hall, 510-642-2028; lpachter@math ;","Biosystems & Computational Biology (BIO) Artificial Intelligence (AI)"
"Lotfi A. Zadeh"," Soda Hall, 510-642-4959; zadeh@eecs ; ; soft computing, knowledge-based systems Ixel Chavez, ","Artificial Intelligence (AI) Control, Intelligent Systems, and Robotics (CIR) soft computing, knowledge-based systems"
"Luca Trevisan",,"Theory (THY), (Computational Complexity, Randomness in Computation, Combinatorial Optimization) Security (SEC)"
"Luke Lee","-510-642-5855; lplee@berkeley.edu ; ; ","Biosystems & Computational Biology (BIO) Micro/Nano Electro Mechanical Systems (MEMS) Physical Electronics (PHY)"
"Maneesh Agrawala","535 Soda Hall, 643-8220; maneesh@eecs ; Mon. ","Graphics (GR) Human-Computer Interaction (HCI)"
"Manuel Blum",,"recursive function, cryptographic protocols, program checking"
"Marti Hearst","b South Hall, 510-642-8016; hearst@berkeley.edu , search, human-computer interaction, computational linguistics, information visualization, MOOCs and learning at scale See home page, ","Human-Computer Interaction (HCI), search, human-computer interaction, computational linguistics, information visualization, MOOCs and learning at scale"
"Martin Wainwright"," Cory Hall, 510-643-1978; wainwrig@eecs Machine learning; ; by appointment Kim Kail, ","Machine learning Communications & Networking (COMNET) Signal Processing (SP)"
"Michael A. Harrison"," Soda Hall, 510-642-1469; harrison@cs Multimedia; User interfaces; Software environments M ","Multimedia; User interfaces; Software environments"
"Michael A. Lieberman","M Cory Hall, 510-643-6632; lieber@eecs ; Plasma-assisted materials processing Th ","Energy (ENE) Plasma-assisted materials processing"
"Michael Franklin"," Soda Hall, 510-643-7572; ","Database Management Systems (DBMS), Distributed Systems; Mobile and pervasive computing Operating Systems & Networking (OSNT), AMPLab"
"Michael J. Clancy"," Soda Hall, 510-642-7017; clancy@cs , Computer science education: learning environments and activities by appointment, ","Education (EDUC), Computer science education: learning environments and activities"
"Michael Jordan",,"Artificial Intelligence (AI) Biosystems & Computational Biology (BIO) Control, Intelligent Systems, and Robotics (CIR) Signal Processing (SP) Statistical Machine Learning"
"Michael Lustig"," Cory Hall, (510) 643-9338; mlustig@eecs Biomedical Imaging; Magnetic Resonance Imaging; ; ; ","Biomedical Imaging Magnetic Resonance Imaging Signal Processing (SP) Biosystems & Computational Biology (BIO) Scientific Computing (SCI)"
"Michael Stonebraker",,"Database Technology"
"Michel Maharbiz","646 Sutardja Dai Hall, 642-4288; maharbiz@eecs ; Fri., ","Biosystems & Computational Biology (BIO) Micro/Nano Electro Mechanical Systems (MEMS)"
"Ming C. Wu"," Sutardja Dai Hall, 510-643-0808; wu@eecs Optoelectronics, nanolaser; nanocavity light-emitting diodes; optical antennas, optical MEMS, Optofluidics; ; Tuesday. ","Optoelectronics, nanolaser; nanocavity light-emitting diodes; optical antennas, optical MEMS, Optofluidics Micro/Nano Electro Mechanical Systems (MEMS) Physical Electronics (PHY)"
"Murat Arcak","569 Cory Hall, 642-4804; arcak@berkeley.edu ; Thursday, ","Control, Intelligent Systems, and Robotics (CIR) Biosystems & Computational Biology (BIO)"
"Nathan W. Cheung"," Cory Hall, 510-642-1615; cheung@eecs Nanofabrication; Heterogeneous integration of microsystems; Plasma and ion-beam processing technologies; Electronic materials by appointment only","Nanofabrication; Heterogeneous integration of microsystems; Plasma and ion-beam processing technologies; Electronic materials"
"Nelson Morgan"," International Computer Science Institute, 510-666-2931; morgan@icsi by appointment only, ","Signal Processing (SP)"
"Nir Yosef",,"Biosystems & Computational Biology (BIO)"
"Paul N. Hilfinger"," Soda Hall, 510-642-8401; hilfingr@cs ; ; Software engineering; Parallel programming techniques TBA, ","Programming Systems (PS) Scientific Computing (SCI) Software engineering; Parallel programming techniques"
"Paul R. Gray"," Cory Hall, 510-642-5179; pgray@berkeley.edu ; By email appt. only","Design, Modeling and Analysis (DMA) Integrated Circuits (INC)"
"Peter Bartlett"," Sutardja Dai Hall, 510-642-7780; bartlett@eecs , machine learning, statistical learning theory; Mon. ","Artificial Intelligence (AI), machine learning, statistical learning theory Control, Intelligent Systems, and Robotics (CIR)"
"Phillip Colella",,"CS 194-73. Software Engineering for Scientific Computing, TuTh 11-1230P, 310 Soda CS 294-73. Software Engineering for Scientific Computing, TuTh 11-1230P, 310 Soda"
"Pieter Abbeel"," Sutardja Dai Hall, (510) 642-7034; pabbeel@cs ; ; Machine Learning arrange via email     CS ","Artificial Intelligence (AI) Control, Intelligent Systems, and Robotics (CIR) Machine Learning"
"Prasad Raghavendra",,"Theory (THY)"
"Pravin Varaiya","M Cory Hall, 510-642-5270; varaiya@eecs ; ; ; Control; Networks; Power systems; Transportation email for appointment, ","Communications & Networking (COMNET) Control, Intelligent Systems, and Robotics (CIR) Energy (ENE) Control; Networks; Power systems; Transportation"
"Raluca Ada Popa","pm, 729 Soda     CS 261. , TuTh 1230-","Operating Systems & Networking (OSNT) Security (SEC)"
"Randy H. Katz"," Soda Hall, 510-642-8778; randy@cs ; ; Distributed and networked systems design and implementation by appointment, ","Computer Architecture & Engineering (ARC) Operating Systems & Networking (OSNT) Distributed and networked systems design and implementation"
"Ravi Ramamoorthi"," Soda Hall, 510-643-5186; ravir@cs ; ; ; Computer Vision","Graphics (GR) Scientific Computing (SCI) Signal Processing (SP) Computer Vision"
"Ren Ng",,"Imaging Systems; Computational Photography; Graphics (GR) Signal Processing (SP) Optics"
"Richard J. Fateman"," Soda Hall, 510-847-2368; fateman@cs ; , Computer algebra systems; Programming environments and systems; Programming languages and compilers; Symbolic mathematical computation; Document image analysis, multimodal input of mathematics BY APPT, ","Artificial Intelligence (AI) Scientific Computing (SCI), Computer algebra systems Programming environments and systems; Programming languages and compilers; Symbolic mathematical computation; Document image analysis, multimodal input of mathematics"
"Richard M. Karp"," Soda Hall, 510-642-5799; karp@cs ; ; M ","Biosystems & Computational Biology (BIO) Operating Systems & Networking (OSNT) Theory (THY)"
"Richard M. White"," Cory Hall, 510-642-0540; rwhite@eecs ; Solid-State Devices By email appointment, only","Energy (ENE) Solid-State Devices"
"Richard S. Muller"," Cory Hall, 510-642-0614; muller@eecs ; Optoelectronics; Microsystem technologies; Sensors and actuators; Microelectromechanical systems; Solid-State Devices By email appt. only; best time, Tues. ","Integrated Circuits (INC) Optoelectronics; Microsystem technologies; Sensors and actuators; Microelectromechanical systems Solid-State Devices"
"Robert Full"," Valley Life Sciences Building, 510-642-9896; rjfull@berkeley.edu Tues. & Thurs., ","Biosystems & Computational Biology (BIO)"
"Robert G. Meyer"," Cory Hall, 510-642-8026; rmeyer@eecs by appointment only, ","Integrated Circuits (INC)"
"Robert K. Brayton"," Cory Hall, 510-643-9801; ; Advanced methods in combinational and sequential logic synthesis and formal verification","Design, Modeling and Analysis (DMA) Advanced methods in combinational and sequential logic synthesis and formal verification"
"Robert W. Brodersen"," Cory Hall, 510-642-1779; rb@eecs ; ; Leslie Nishiyama, BWRC, ","Design, Modeling and Analysis (DMA) Integrated Circuits (INC) Signal Processing (SP)"
"Ronald S. Fearing"," Sutardja Dai Hall, 510-642-9193; ; Mon ","Control, Intelligent Systems, and Robotics (CIR) Biosystems & Computational Biology (BIO)"
"Ruzena Bajcsy"," Sutardja Dai Hall, 510-642-9423; bajcsy@eecs ; ; ; ; , Computer vision; Bridging information technology to humanities and social sciences; M W ","Artificial Intelligence (AI) Biosystems & Computational Biology (BIO) Control, Intelligent Systems, and Robotics (CIR) Graphics (GR) Human-Computer Interaction (HCI), Computer vision; Bridging information technology to humanities and social sciences Security (SEC)"
"S. Shankar Sastry"," McLaughlin Hall, 510- 642-5771; sastry@eecs ; ; ; Jessica Gamble, ","Artificial Intelligence (AI) Biosystems & Computational Biology (BIO) Control, Intelligent Systems, and Robotics (CIR) Security (SEC)"
"Sanjam Garg",,"Theory (THY) Security (SEC)"
"Sanjit A. Seshia"," Cory Hall, 510-643-6968; sseshia@eecs ; ; Dependable Computing; Computational Logic; Formal Methods; ; ; TuTh ","Design, Modeling and Analysis (DMA) Programming Systems (PS) Dependable Computing; Computational Logic; Formal Methods Control, Intelligent Systems, and Robotics (CIR) Security (SEC) Theory (THY)"
"Satish Rao"," Soda Hall, 510-642-4328; satishr@cs ; T ","Biosystems & Computational Biology (BIO) Theory (THY)"
"Sayeef Salahuddin"," Sutardja Dai Hall, 510-642-4662; ; ; ; Mon ","Physical Electronics (PHY) Design, Modeling and Analysis (DMA) Energy (ENE) Scientific Computing (SCI)"
"Scott Shenker"," Soda Hall, 510-643-3043; shenker@icsi Internet Architecture, Software-Defined Networks, Datacenter Infrastructure, Large-Scale Distributed Systems, Game Theory and Economics; Thursday ","Internet Architecture, Software-Defined Networks, Datacenter Infrastructure, Large-Scale Distributed Systems, Game Theory and Economics Operating Systems & Networking (OSNT)"
"Seth R. Sanders"," Cory Hall, 510-642-4425; sanders@eecs ; ; ; Power and electronics systems     EE ","Energy (ENE) Control, Intelligent Systems, and Robotics (CIR) Integrated Circuits (INC) Power and electronics systems"
"Shyam Parekh","567 Cory Hall, 5108470","Communications & Networking (COMNET)"
"Stavros Tripakis","Q Cory Hall, 510 642 3313; stavros@eecs , Computer-Aided System Design, Formal Methods, Verification, Synthesis, Embedded and Cyber-Physical Systems; Thu ","Design, Modeling and Analysis (DMA), Computer-Aided System Design, Formal Methods, Verification, Synthesis, Embedded and Cyber-Physical Systems Programming Systems (PS)"
"Steven Conolly"," Hearst Memorial Mining Building, (510) 642-3420; sconolly@berkeley.edu Medical imaging instrumentation and control     EE C","Medical imaging instrumentation and control"
"Steven E. Schwarz"," Cory Hall, 510-642-3214; schwarz@eecs Solid-State Devices; Nano-Optoelectronics, Electromagnetics/Plasmas","Solid-State Devices; Nano-Optoelectronics, Electromagnetics/Plasmas"
"Stuart J. Russell"," Sutardja Dai Hall, 510-642-4964; russell@cs ; ; ; machine learning; real-time decision-making; algorithms; probabilistic reasoning; computational biology     CS ","Artificial Intelligence (AI) Control, Intelligent Systems, and Robotics (CIR) Biosystems & Computational Biology (BIO) machine learning; real-time decision-making; algorithms; probabilistic reasoning; computational biology"
"Susan L. Graham"," Soda Hall, 510-642-2059; graham@cs ; ; ; ; Software development environments, software engineering by appointment, ","Graphics (GR) Human-Computer Interaction (HCI) Programming Systems (PS) Scientific Computing (SCI) Software development environments, software engineering"
"Sylvia Ratnasamy","413 Soda Hall, 642-8905; sylvia@eecs Thurs. ","Operating Systems & Networking (OSNT)"
"T. Kenneth Gustafson","M Cory Hall, 510-642-3139; tkg@eecs Solid-State Devices; Basic electromagnetic and quantum applications by appointment, ","Solid-State Devices; Basic electromagnetic and quantum applications"
"Tapan S. Parikh","B South Hall, 510-642-4583; parikh@ischool , ICTD","Human-Computer Interaction (HCI), ICTD"
"Theodore Van Duzer"," Cory Hall, 510-642-3306; vanduzer@eecs , Solid-State Devices; by Appointment, ","Integrated Circuits (INC), Solid-State Devices Physical Electronics (PHY)"
"Thomas Courtade"," Cory Hall, 510-643-0359; courtade@eecs Monday ","Communications & Networking (COMNET)"
"Thomas F. Budinger",,"Biosystems & Computational Biology (BIO) Control, Intelligent Systems, and Robotics (CIR) Biomedial imaging instrumentation and image analysis; Biomonitoring; Magnetic resonance imaging; Emission tomography"
"Thomas Griffiths","210 Tolman Hall, 642-7134; tom_griffiths@berkeley.edu",
"Trevor Darrell",,"Artificial Intelligence (AI) Control, Intelligent Systems, and Robotics (CIR) Computer Vision"
"Tsu-Jae King Liu"," Cory Hall, 510-642-0253; tking@eecs ; Mondays ","Physical Electronics (PHY) Micro/Nano Electro Mechanical Systems (MEMS)"
"Umesh Vazirani"," Soda Hall, 510-642-0572; vazirani@cs ; , Complexity theory Olivia Chen, ","Security (SEC) Theory (THY), Complexity theory"
"Venkat Anantharam"," Cory Hall, 510-643-8435; ananth@eecs ; ; ; ; Office hours vary by week. Email for appointment., Cory Kim Kail, ","Communications & Networking (COMNET) Artificial Intelligence (AI) Control, Intelligent Systems, and Robotics (CIR) Security (SEC) Signal Processing (SP)"
"Vern Paxson","; 630 International Computer Science Institute, 666-2882; vern@eecs ; By appointment, ","Security (SEC) Operating Systems & Networking (OSNT)"
"Vivek Subramanian"," Sutardja Dai Hall, 510-643-4535; viveks@eecs ; ; by appt., ","Physical Electronics (PHY) Energy (ENE) Integrated Circuits (INC)"
"Vladimir Stojanovic"," Cory Hall, (510) 664-4322; vlada@berkeley.edu ; ; ; ; ; Integrated Photonics, Circuit design with Emerging-Technologies ","Integrated Circuits (INC) Micro/Nano Electro Mechanical Systems (MEMS) Computer Architecture & Engineering (ARC) Physical Electronics (PHY) Communications & Networking (COMNET) Integrated Photonics, Circuit design with Emerging-Technologies"
"William G. Oldham"," Cory Hall, 510-642-2318; oldham@eecs Integrated circuits; Semiconductor manufacturing By email appointment, ","Integrated circuits; Semiconductor manufacturing"
"William J. Welch"," Campbell Hall, 510-643-6543; welch@astro Nano-Optoelectronics, Electromagnetics/Plasmas Thurs. ","Nano-Optoelectronics, Electromagnetics/Plasmas"
"Yun S. Song"," Evans Hall, 510-642-2351; yss@eecs ; ; Applied Probability and Statistics","Biosystems & Computational Biology (BIO) Theory (THY) Applied Probability and Statistics"
